{
    "accuracy": 0.9427792915531336,
    "precision": 0.9428571428571428,
    "recall": 0.6346153846153846
}
