{
    "accuracy": 0.9445958219800181,
    "precision": 0.9523809523809523,
    "recall": 0.6410256410256411
}
