{
    "accuracy": 0.9401343921808186,
    "precision": 0.918918918918919,
    "recall": 0.6126126126126126
}
